,chroma_stft,rmse,spectral_centroid,spectral_bandwidth,rolloff,zero_crossing_rate,mfcc1,mfcc2,mfcc3,mfcc4,mfcc5,mfcc6,mfcc7,mfcc8,mfcc9,mfcc10,mfcc11,mfcc12,mfcc13,mfcc14,mfcc15,mfcc16,mfcc17,mfcc18,mfcc19,mfcc20,label
0,0.3989712595939636,0.050332847982645,2057.1197280728697,1748.1586847358217,3840.5802945662927,0.1411235879782321,-351.8545227050781,67.79642486572266,-28.61197280883789,24.644041061401367,-11.322609901428224,-5.929250240325928,-23.310449600219727,-5.86891508102417,-13.24148941040039,-1.003665804862976,-6.340559005737305,-15.425232887268066,2.723674774169922,-7.43585205078125,1.4389203786849976,-8.8936185836792,-7.492964267730713,-2.251749038696289,-5.789576053619385,-7.848142147064209,1
1,0.1260607987642288,0.0557610467076301,783.7207545572174,679.7354119795765,1556.0079823369565,0.0444052875905797,-407.8282165527344,36.057918548583984,-19.08985137939453,9.457406044006348,-16.14427947998047,8.875024795532227,-15.775146484375,-5.89078950881958,-6.162924766540527,0.4057977795600891,-1.8688256740570068,-5.696491241455078,-0.2382841855287552,-9.384936332702637,-1.0126676559448242,-6.052712917327881,-2.6125707626342773,-5.0967864990234375,0.0969268158078193,-0.4835088551044464,1
2,0.3980991244316101,0.0370650812983512,2155.0402847648934,1896.845984434418,4240.216446505248,0.1393308683206106,-390.4676513671875,54.45773315429688,-9.51192855834961,21.605018615722656,-23.99260711669922,-6.912876605987549,-15.5281982421875,-8.071513175964355,-9.363739013671877,-7.158332824707031,-6.101052761077881,-7.62265157699585,0.3691912591457367,-8.334450721740723,-2.2411766052246094,-7.078277111053467,-6.256899833679199,-5.342628479003906,-5.549792766571045,-3.050605535507202,1
3,0.1867355555295944,0.0446164458990097,900.352954359531,729.5429276793541,1598.4502377717392,0.0625424592391304,-388.9910278320313,55.83332061767578,-29.499849319458008,18.99205017089844,-6.673803806304932,-7.12699031829834,-19.130889892578125,-1.4505473375320437,-5.703324794769287,2.4053099155426025,-3.0509421825408936,-14.643308639526367,2.119230270385742,-4.230141639709473,3.671585083007813,-5.658669948577881,-5.808054924011231,-1.367023229598999,-5.903604030609131,-5.717080593109131,1
4,0.1822695285081863,0.0298638474196195,1106.127396376457,886.5937092268442,2233.991805366848,0.0679135529891304,-489.3864440917969,35.75413131713867,-23.857160568237305,11.257335662841797,-27.33197021484375,2.6656723022460938,-15.01718521118164,2.9454777240753174,-3.729170560836792,-5.387686252593994,-3.850276708602905,-10.75625228881836,3.09224534034729,-6.175471782684326,-0.6072618961334229,-1.91677987575531,1.5335949659347534,-0.1388877630233764,-1.9106357097625728,-3.934006929397583,1
5,0.221947893500328,0.075054332613945,1352.1303739226605,962.3155499931931,2474.2898692255435,0.1005293251811594,-355.112060546875,52.42844772338867,-44.61907577514648,31.509401321411133,-34.22264862060547,11.750309944152832,-23.900634765625,-3.6019444465637207,-8.524938583374023,-8.532098770141602,-8.145466804504395,-8.687140464782715,7.493480682373047,-11.243425369262695,-2.3246166706085205,-7.537179946899414,2.582759141921997,-4.3108906745910645,2.8593878746032715,-3.980902194976807,1
6,0.137414738535881,0.0248828195035457,627.6647586619439,706.0374362414258,1442.5685716711955,0.0412208446557971,-479.1267700195313,40.77345275878906,4.1428542137146,5.004382133483887,-12.652341842651367,11.39364242553711,-12.18027687072754,-4.645816802978516,-6.4497809410095215,-7.614142894744873,-0.0690218061208725,-7.501773357391357,-8.061188697814941,-6.98242712020874,2.152749300003052,-1.924915075302124,-0.0402974113821983,-5.086752414703369,0.1029079928994178,-1.05616557598114,1
7,0.343749850988388,0.0276156049221754,1466.5944098780062,1356.50316984671,3114.5125679347825,0.0958234261775362,-482.3684997558594,46.63043594360352,-7.089417457580566,16.671464920043945,-14.93608856201172,7.536080837249756,-13.970257759094238,5.927052021026611,-6.723355293273926,-4.341712951660156,-0.6977217793464661,-2.1760823726654053,4.077795028686523,-4.589628219604492,1.263050198554993,-8.096360206604004,-0.8558301329612732,-5.149601459503174,-3.544730424880981,-2.635260581970215,1
8,0.3103525042533874,0.0523008443415164,1265.1662848284077,1341.7905821247575,2627.830969769021,0.0616508152173913,-399.05377197265625,64.66777038574219,-10.09011459350586,18.56368827819824,-10.351113319396973,0.8225826621055603,-18.501867294311523,-4.000101566314697,-11.46842098236084,9.63349302764982e-05,2.744146585464477,-13.095444679260254,-1.4037725925445557,-8.981231689453125,0.9846614599227904,-4.980648994445801,-7.728047847747803,-6.789982318878174,-6.904977321624756,-5.525094985961914,1
9,0.2432341575622558,0.0537270195782184,1188.8950945813542,1059.8557728884798,2270.504628057065,0.0684796761775362,-383.16253662109375,61.05134582519531,-27.01659774780273,19.25212287902832,-10.895989418029783,-5.25557279586792,-20.32036590576172,-3.841981649398804,-9.477091789245604,-2.1478567123413086,-5.736432552337647,-16.360387802124023,2.4271352291107178,-3.4569382667541504,-0.3914136886596679,-10.832131385803224,-7.106039524078369,-4.170091152191162,-9.399713516235352,-9.053067207336426,1
10,0.2041494101285934,0.0507198236882686,952.3254282921816,739.7798754935205,1742.6290760869565,0.0663354846014492,-405.2716674804688,57.452972412109375,-32.48722839355469,12.062264442443848,-8.088376998901367,-10.68276596069336,-24.888521194458008,-2.13990330696106,-12.079806327819824,2.402066707611084,1.8222473859786987,-16.663105010986328,1.4790871143341064,-2.0457186698913574,-0.1622723340988159,-8.650351524353027,-7.026156425476074,-1.672606110572815,-1.503935694694519,-6.13859748840332,1
11,0.1961442828178405,0.0563635155558586,849.7759413188718,801.5571367330463,1725.4649286684785,0.0442849864130434,-382.5134887695313,58.23866271972656,-24.469728469848636,16.174293518066406,-14.97666835784912,1.5345306396484375,-15.71397876739502,-2.5134541988372803,-12.511505126953123,0.6267934441566467,5.577048301696777,-13.172274589538574,0.2919280230998993,-8.729825019836426,1.0711669921875,-5.707120418548584,-7.102863311767578,-6.136111259460449,-5.781272888183594,-1.9964100122451784,1
12,0.181627944111824,0.0331212058663368,901.6252013267284,750.4212473878442,1706.2722911005435,0.0568670742753623,-461.0859069824219,52.154911041259766,-32.30561828613281,14.038661003112791,0.1820240020751953,16.952646255493164,-18.575899124145508,-7.226305961608887,-1.8270299434661863,-11.783480644226074,-7.336552143096924,-14.247931480407717,-9.706496238708496,-3.147481203079224,-3.644005298614502,-10.181288719177246,1.3411588668823242,-4.184618949890137,-1.6848852634429932,0.2099828869104385,1
13,0.4238565862178802,0.0396748557686805,1920.0518368017767,1849.614326208752,3938.260926420267,0.1108759172988126,-391.8663940429688,57.311222076416016,-15.042628288269045,11.311216354370115,-13.797749519348145,0.4402713775634765,-16.229454040527344,-7.875769138336182,-4.369187831878662,-1.5030659437179563,-3.7659523487091056,-8.814850807189941,-2.3309133052825928,-8.54080867767334,-3.901487112045288,-6.576355934143066,-6.294834136962891,-4.971029758453369,-0.5483383536338806,-4.407304763793945,1
14,0.1521811336278915,0.0418511033058166,944.9565852281822,815.72634644897,1864.494522758152,0.0591527966485507,-455.7418518066406,44.500938415527344,-20.73359680175781,8.304287910461426,-23.76940155029297,4.671387195587158,-14.59055233001709,6.520552158355713,-8.047863960266113,-7.525147438049316,1.1545751094818115,-1.6760755777359009,2.366307020187378,-8.930779457092285,-2.617856740951538,-8.274856567382812,0.7313068509101868,-3.626913070678711,-2.3706130981445312,-0.2888980805873871,1
15,0.1191157400608062,0.0575160160660743,781.6425689355178,686.7505539611325,1542.4327021059785,0.0382486979166666,-400.4751892089844,39.69139099121094,-19.07160758972168,8.182134628295898,-22.521860122680664,5.04688835144043,-17.56526756286621,-4.171910285949707,-3.6590576171875,1.1332576274871826,-2.8826940059661865,-9.92862033843994,2.17878532409668,-9.460620880126951,-3.591224908828736,-6.0264105796813965,-4.787479877471924,-2.031428575515747,1.961042046546936,-2.638188123703003,1
16,0.1676233559846878,0.0316143259406089,752.7663434298171,798.5180749531078,1582.5343919836955,0.0433508831521739,-468.4704284667969,58.75770568847656,-5.130552291870117,18.20245933532715,-4.301669597625732,8.15792179107666,-13.33255672454834,-6.762567043304443,-8.115342140197754,-10.330169677734377,-3.46105432510376,-14.293292045593262,-6.032905101776123,-5.775049209594727,-2.47003173828125,-5.33175802230835,-4.997887134552002,-1.7040785551071167,-0.9196123480796814,1.480892539024353,1
17,0.2816367447376251,0.0467472188174724,1223.342305477086,1103.9520683784474,2519.852878736413,0.0732563405797101,-405.9781188964844,52.12531661987305,-20.875385284423828,19.777463912963867,-21.69681930541992,5.958223342895508,-17.443248748779297,-7.268411636352539,-2.736229658126831,-0.1241711750626564,-5.406001567840576,-10.036946296691896,0.5259966850280762,-8.96512508392334,-1.2817820310592651,-7.981723785400391,-4.736842155456543,-2.567991018295288,2.257509708404541,-1.8885247707366943,1
18,0.1522166728973388,0.0204024910926818,840.2364066042499,670.6649868018425,1710.953422214674,0.0562231091485507,-494.545166015625,31.59653091430664,-18.8702449798584,12.96932315826416,-17.342073440551758,-1.0957331657409668,-16.94851303100586,-0.3801138997077942,-4.751014232635498,-5.5125813484191895,0.5982475876808167,-5.081784248352051,1.3236055374145508,-9.117181777954102,-1.7817060947418213,-2.41628360748291,-1.9367269277572632,-1.453718185424805,0.4226385354995727,-0.636072039604187,1
19,0.1967414021492004,0.0495974980294704,890.0440730082037,933.7198667775426,1788.9722741168478,0.0430324388586956,-402.9916076660156,63.08589553833008,-15.233522415161133,17.960803985595703,-10.676562309265137,-1.5530411005020142,-19.339799880981445,-5.973902225494385,-14.18277645111084,1.2822844982147217,2.331068754196167,-12.142712593078612,0.916570484638214,-7.590996265411377,2.1073696613311768,-5.217113494873047,-6.3433518409729,-4.273507595062256,-5.613253116607666,-4.29526948928833,1
20,0.185888335108757,0.017819870263338,1091.2818092842335,839.9984963137367,2081.8550441576085,0.0746291893115942,-514.2134399414062,35.50863265991211,-15.841358184814451,17.833703994750977,-18.65384292602539,0.2057168930768966,-14.446085929870604,2.729583501815796,-2.8777244091033936,-1.940453290939331,-2.931050539016724,-9.5258207321167,3.01872181892395,-7.02522087097168,-2.566549062728882,-3.563523054122925,-2.18812894821167,-0.4132803678512573,-0.2325886189937591,-5.736750602722168,1
21,0.1250378489494323,0.0333794914186,606.0626631264963,538.7066239473843,1118.1661854619565,0.0373570538949275,-446.58599853515625,38.00940704345703,-16.23040199279785,7.722649097442627,-12.627501487731934,2.591045618057251,-10.928434371948242,-4.5475592613220215,-3.6397647857666016,-0.7250324487686157,-3.828739881515503,-5.781421184539795,0.5030623078346252,-5.395664215087891,-1.5483793020248413,-6.579954624176025,-2.172157287597656,-3.2165842056274414,-1.1350668668746948,-2.3419220447540283,1
22,0.2741757333278656,0.0504146330058574,1166.3754538702362,1128.1400395747996,2349.459706182065,0.0621957087862318,-381.2928161621094,61.2911491394043,-18.051515579223636,16.79389190673828,-10.435918807983398,1.564558744430542,-18.048141479492188,-6.774933338165283,-13.629433631896973,0.6700164079666138,4.896613597869873,-12.777523040771484,-0.5230284929275513,-8.939261436462402,1.4421775341033936,-4.029651165008545,-8.327115058898926,-5.1251959800720215,-6.032467842102051,-5.149288654327393,1
23,0.2103109657764434,0.0641266927123069,1301.3417825225447,952.9239915581496,2338.537066915761,0.0941533627717391,-344.15460205078125,52.13357162475586,-38.89317321777344,19.422239303588867,-22.066051483154297,-0.5148501396179199,-22.99177360534668,-3.725242376327514,-5.511023998260498,5.26600980758667,0.826264500617981,-14.153104782104492,3.2535412311553955,-2.8395094871521,0.0295082312077283,-8.62883186340332,-1.685321807861328,-1.7282480001449585,-5.214144706726074,-6.554710388183594,1
24,0.1091232821345329,0.0214477833360433,480.1173291922765,474.20324346348247,761.6200322690217,0.0296294723731884,-526.6943969726562,40.7510871887207,-11.25413990020752,6.722777366638184,-0.3672854602336883,13.234807968139648,-5.543094635009766,-4.952672004699707,-5.519180774688721,-8.297235488891602,-1.7097505331039429,-7.624624252319336,-3.6306519508361816,-3.0094847679138184,-1.2361054420471191,-1.9924355745315552,-2.32728910446167,-1.2114338874816897,1.8446913957595823,-0.9084432721138,1
25,0.3588244318962097,0.0508214980363845,1949.5453233260328,1674.8483474934485,3552.1524816777464,0.1464298850261552,-367.2353820800781,77.67864990234375,-11.57526969909668,9.818056106567385,-2.5825352668762207,14.593873023986816,-22.55979347229004,-12.83637523651123,-11.78115177154541,-16.860706329345703,-5.417384624481201,-13.92160415649414,-7.507145881652832,-8.952978134155273,-6.05718994140625,-5.0965986251831055,-3.3736159801483154,-4.512821674346924,-2.5005011558532715,-1.3840253353118896,1
26,0.2085105776786804,0.046378344297409,1191.8768869936223,1010.9704093205688,2317.940090013587,0.0712182971014492,-404.2619323730469,46.96748352050781,-7.201260566711426,24.37166976928711,-26.82035255432129,-4.881148338317871,-15.202293395996094,-5.075503826141357,-7.628307342529297,-6.305050849914551,-6.177839756011963,-8.438436508178711,0.5429343581199646,-9.503334045410156,-1.0758029222488403,-4.8141770362854,-3.3223366737365723,-4.77400016784668,-4.782458305358887,0.8755273818969727,1
27,0.1486128717660904,0.027725551277399,544.2993858930791,496.957450267024,941.0633916440216,0.0306980298913043,-461.4156799316406,46.53927612304688,-21.16779899597168,7.917068481445312,3.8762807846069336,5.652464866638184,-14.477558135986328,-8.411577224731445,-6.428887844085693,-8.5253267288208,-4.643935680389404,-6.39643669128418,-5.825037956237793,-5.261268615722656,0.6102246046066284,-2.7416210174560547,-1.5041265487670898,-0.3226497769355774,-0.2348412722349167,-1.7769179344177246,1
28,0.1890763938426971,0.0867843925952911,944.4895680080868,807.7765256451916,1701.4351222826087,0.0673969655797101,-368.0078125,69.54252624511719,-38.67827987670898,12.112478256225586,-9.648492813110352,22.885639190673828,-29.64833068847656,-5.973177909851074,-10.35098934173584,-14.868507385253906,-4.688198089599609,-7.546167373657227,-0.5945358276367188,-13.362998008728027,-4.061851978302002,-5.933321475982666,2.0632386207580566,-7.295492649078369,-1.1637250185012815,3.416011095046997,1
29,0.2597421407699585,0.045858833938837,1104.6597304641848,1145.8062809752005,2281.427267323369,0.0549634850543478,-399.71087646484375,61.20946502685547,-15.755271911621094,14.9037446975708,-9.353140830993652,-1.105864405632019,-18.03450584411621,-9.19572639465332,-19.209274291992188,0.3092093169689178,7.272634983062744,-11.28448486328125,-0.2958814799785614,-8.218567848205566,2.5175931453704834,-1.999433636665344,-7.744735717773437,-3.3663582801818848,-5.9007062911987305,-7.30123233795166,1
30,0.1633665114641189,0.0265313293784856,1045.996802722755,777.6344714396188,1928.4699813179348,0.0780613111413043,-455.5238952636719,35.50211334228516,-16.704700469970703,19.3750114440918,-16.947254180908203,7.5014190673828125,-13.698785781860352,2.204333782196045,-4.469502925872803,-12.681549072265623,-7.306741237640381,-3.9784090518951416,3.8826904296875,-7.590636253356934,1.0865533351898191,-2.780469417572021,-1.2844887971878052,-4.955850124359131,-2.683198928833008,-2.088636875152588,1
31,0.36630579829216,0.0576365515589714,2066.374231827162,1698.2774005228966,3852.898094506637,0.1484186980382147,-343.8764343261719,77.41181945800781,-28.409334182739254,17.075321197509766,-20.452486038208008,3.946045160293579,-18.33260726928711,-9.996234893798828,-12.716375350952148,-9.287604331970217,-5.217559337615967,-7.385715961456299,-0.574151337146759,-9.506407737731934,-0.5837967395782471,-6.800341606140137,-3.87928318977356,-4.066626071929932,-0.7282524108886719,-6.276799201965332,1
32,0.0959374085068702,0.0428118929266929,682.4306776893203,586.0445425581332,1342.8604789402175,0.0347599637681159,-455.1340942382813,30.372791290283203,-15.49807834625244,8.299595832824707,-15.302078247070312,4.633195400238037,-16.491350173950195,-1.875591516494751,-0.6714072823524475,1.361958146095276,-4.7066330909729,-7.239768028259277,2.8619964122772217,-6.772855758666992,-2.223236083984375,-6.514774322509766,-1.842733144760132,-2.3709018230438232,2.044361114501953,0.5765954852104187,1
33,0.2975555658340454,0.1046972274780273,1555.396141637994,1163.131050132296,2758.2784901494565,0.1101038836050724,-294.45733642578125,80.25342559814453,-56.568965911865234,28.77432632446289,-37.37739562988281,12.96823787689209,-25.387290954589844,-4.119013786315918,-10.9927978515625,-11.015381813049316,-9.47476291656494,-13.095929145812988,5.05964994430542,-9.160322189331056,0.1198376342654228,-11.678720474243164,0.9247657656669616,-1.6577904224395752,5.409535884857178,-8.027992248535156,1
34,0.2113555371761322,0.0452174022793769,779.3862491215624,813.7895545545719,1617.642875339674,0.0399046082427536,-419.0552673339844,54.78248977661133,-12.589089393615724,15.534930229187012,-7.564052581787109,1.4711498022079468,-12.365375518798828,-6.374258041381836,-13.159703254699709,1.854108810424805,2.737046003341675,-10.108367919921877,-1.5759156942367554,-6.721029281616211,0.8890904784202576,-6.616119861602783,-5.551764965057373,-3.3587069511413574,-4.357967853546143,-5.224886894226074,1
35,0.2366814613342285,0.1020680963993072,1137.5169320625723,994.6615845856144,2147.858992866848,0.0673474298007246,-296.1679077148437,77.1848373413086,-48.2176399230957,10.125592231750488,-12.12592315673828,27.60649871826172,-25.783361434936523,-7.258231163024902,-13.373687744140623,-24.266504287719727,-3.78120493888855,-11.766469955444336,-6.002021312713623,-11.952948570251465,-2.2404842376708984,-6.405216217041016,0.0240793358534574,-2.196582794189453,-1.1769497394561768,1.031112551689148,1
36,0.1654659658670425,0.0204504746943712,890.8282726550825,720.7418346340307,1577.8532608695652,0.062507076539855,-539.3646850585938,48.628753662109375,-16.704116821289062,-1.7863117456436155,-12.403081893920898,2.329416275024414,-9.622624397277832,-1.4794440269470217,-6.24289608001709,0.868868350982666,0.7491070032119751,-6.68056058883667,-3.2292919158935547,-2.6459972858428955,3.623476505279541,-8.203861236572266,-3.6753647327423096,0.3032180666923523,-1.1422022581100464,-3.2678351402282715,1
37,0.2823507785797119,0.0635727196931839,1426.681224408384,1078.7360349182386,2492.2342051630435,0.097075973731884,-361.1791687011719,68.31254577636719,-48.10518646240234,26.21924591064453,-15.4544038772583,-6.958903789520264,-20.534568786621094,6.544036388397217,-14.385887145996094,-5.680350303649902,-9.02619171142578,-21.721424102783203,8.13631534576416,-6.697098255157471,-2.317847967147827,-8.828926086425781,-6.118365287780762,-4.160463809967041,-6.069271087646484,-5.705694675445557,1
38,0.2728897929191589,0.0428992994129657,1198.073413236812,1228.4562128148905,2544.6628736413045,0.0586362092391304,-411.8970642089844,50.28829574584961,-10.50984001159668,15.199834823608398,-8.513814926147461,2.95550537109375,-13.50272274017334,-7.641811370849609,-10.382486343383787,3.892480373382568,5.11287784576416,-10.116324424743652,-2.8450348377227783,-6.2566680908203125,1.5978820323944092,-6.182133674621582,-7.652955055236816,-4.8519392013549805,-4.445810317993164,-5.718525409698486,1
39,0.1807326227426529,0.0193260423839092,753.0134681332513,653.3543208857802,1446.1574388586955,0.0475685009057971,-529.2747192382812,32.007537841796875,-15.593963623046877,6.090744972229004,-9.23780918121338,1.6546502113342283,-11.365135192871094,-2.916731357574463,-0.865828275680542,0.7007942199707031,-4.069922924041748,-4.537453651428223,2.579625129699707,-5.236180305480957,-2.1511948108673096,-3.72857403755188,-1.3093469142913818,-3.5708820819854736,-0.8314623236656189,-3.345898151397705,1
40,0.1759575307369232,0.0409177020192146,823.9126965465458,773.6449047661272,1474.2442255434785,0.0533146512681159,-446.126708984375,64.249267578125,-30.71404838562012,14.031885147094728,-3.4282171726226807,23.62380027770996,-20.480592727661133,-7.76557731628418,-5.57068395614624,-12.647438049316406,-5.356112957000732,-13.035890579223633,-5.371304035186768,-8.738105773925781,-6.841270923614502,-3.5470521450042725,2.198688745498657,-6.197770118713379,-2.0312633514404297,1.0715389251708984,1
41,0.1618753671646118,0.0459671653807163,918.3572854518148,775.1422732431953,1823.4566066576087,0.0541496829710144,-413.2922058105469,42.04363632202149,-21.599523544311523,16.414735794067383,-25.48781013488769,-0.3455551564693451,-16.688879013061523,-3.497849225997925,-8.754788398742676,-7.246037006378174,2.0917556285858154,-5.740518093109131,2.9619312286376958,-8.916133880615234,-1.690268874168396,-4.465135097503662,-2.901164293289185,-3.990920305252075,-1.7174006700515747,2.239434003829956,1
42,0.3723898530006408,0.0281859952956438,1928.716722203966,1800.672642885817,3856.985473632813,0.1194819697627314,-439.7071838378906,69.86176300048828,-8.996845245361328,13.870842933654783,-21.01903343200684,-4.011257171630859,-19.334083557128903,-6.043201923370361,-10.640389442443848,-8.818971633911133,-3.1931469440460205,-6.319807052612305,1.4066153764724731,-8.447484016418457,-3.442558526992798,-5.582571506500244,-3.260734796524048,-3.620506525039673,-3.118427991867065,-4.480563640594482,1
43,0.2122681587934494,0.0360367484390735,1072.620801426788,777.594680725312,1893.985648777174,0.0741338315217391,-428.5238952636719,38.2514533996582,-17.209014892578125,26.20256233215332,-25.289329528808597,-0.0694679021835327,-10.633570671081545,-1.4050335884094238,-5.9127516746521,-5.483553886413574,-6.882632732391357,-8.552546501159668,4.012874603271484,-5.963980674743652,-1.7061084508895874,-8.014425277709961,-3.797353982925415,-3.185341119766236,-5.010346412658691,-3.597099781036377,1
44,0.2608339190483093,0.0382578149437904,1418.371167324979,1036.580598788326,2610.6668223505435,0.098639889039855,-403.5566101074219,39.42319107055664,-16.67133331298828,23.39666748046875,-23.147579193115234,-0.4415070116519928,-9.331759452819824,-0.3917844593524933,-5.258853435516357,-7.124361515045166,-8.69076919555664,-8.598773956298828,2.1522934436798096,-10.880083084106444,-3.624445915222168,-7.199182510375977,-6.09209680557251,-3.655475616455078,-3.222559928894043,-1.0905078649520874,1
45,0.1599831879138946,0.0348730869591236,1009.899589816082,823.9388382033542,1958.1171450407608,0.0614031363224637,-458.7393798828125,42.43776321411133,-27.101736068725582,7.497622489929199,-24.12080383300781,-2.560760498046875,-19.749908447265625,5.650260925292969,-1.76460063457489,-8.419281005859375,-5.749571323394775,-7.818698883056641,5.669918060302734,-4.49862813949585,-1.2934104204177856,-2.0502943992614746,1.2702888250350952,-2.876073837280273,-1.4216458797454834,-2.17317533493042,1
46,0.3047616183757782,0.0635697171092033,1683.906664685709,1486.8532135915614,3217.029339334239,0.0989087975543478,-368.8729248046875,68.08338928222656,-31.840444564819336,20.80046272277832,-16.888439178466797,-7.402369022369385,-26.40446662902832,-2.5830581188201904,-13.29335880279541,0.4379746913909912,-7.446228981018066,-22.608118057250977,1.86110258102417,-4.908386707305908,2.4497673511505127,-10.601381301879885,-5.264793395996094,-0.6938435435295105,-5.460592746734619,-8.077448844909668,1
47,0.2485724240541458,0.0381602346897125,928.8033031538148,985.3944000333684,1928.4699813179348,0.0499957540760869,-452.1750183105469,51.50763702392578,-2.926436424255371,10.147701263427734,-9.51172924041748,4.759817123413086,-11.109018325805664,-5.891768932342529,-11.262664794921877,0.1726003289222717,4.841444492340088,-8.539044380187988,-4.27407169342041,-6.053506374359131,4.326994895935059,-2.804231882095337,-8.568245887756348,-4.7834248542785645,-4.805703639984131,-6.343560695648193,1
48,0.1440450102090835,0.0359612703323364,940.3274481628652,746.2258377239721,1885.2475373641305,0.0607025588768115,-488.0897216796875,35.424930572509766,-20.824403762817383,16.286575317382812,-10.412384033203123,12.611143112182615,-10.330474853515623,1.3260079622268677,-3.123685836791992,-8.384095191955566,-1.6898109912872314,-4.428823471069336,-3.686655759811402,-8.871980667114258,0.2064247727394104,-6.880977153778076,-5.599836826324463,-2.971447467803955,5.952243804931641,-3.2614941596984863,1
49,0.1400043070316314,0.022571550682187,886.5762950771039,730.5103413522751,1815.1866083559785,0.0497976109601449,-511.89837646484375,33.489784240722656,-17.47308349609375,8.898042678833008,-21.911359786987305,2.9144747257232666,-7.462047576904297,-1.034796118736267,-8.479262351989746,-6.107508659362793,1.0529030561447144,-4.8724141120910645,5.667290210723877,-5.9369401931762695,-4.534948348999023,-3.949350595474243,-1.935448408126831,-2.6373276710510254,-0.5601547360420227,-3.167933702468872,1
50,0.1916618943214416,0.0470224693417549,1155.6722209501097,976.2645170881286,2312.3227326766305,0.0697817595108695,-394.7730407714844,43.22652816772461,-9.113411903381348,23.435697555541992,-26.38947486877441,-2.541854858398437,-11.5578031539917,-1.7599709033966064,-5.559915065765381,-7.783878803253174,-7.130136489868164,-9.660370826721191,0.0443948656320571,-8.497687339782715,-1.212795972824097,-5.8489508628845215,-6.61170768737793,-3.701353311538696,-2.475294828414917,-0.920271933078766,1
51,0.3123175203800201,0.0977673083543777,1356.5434020682185,1225.412930263056,2458.998174252717,0.0893766983695652,-290.2449035644531,108.79318237304688,-44.79740524291992,2.656911611557007,-10.342531204223633,44.10353469848633,-33.11182403564453,-17.822542190551758,-9.337828636169434,-26.173419952392575,-18.54750061035156,-18.072834014892575,-0.3313865661621094,-17.169252395629883,-9.38044548034668,-8.87927532196045,-0.9194381833076476,-1.047945857048035,-4.3442487716674805,-1.9099576473236084,1
52,0.2857115268707275,0.0425651706755161,1619.0095191395253,1217.4932361334302,2965.028447690217,0.1141728940217391,-407.931884765625,41.559383392333984,-15.610577583312988,22.20867919921875,-29.088871002197266,2.5240633487701416,-7.555008411407471,-3.353836297988892,-6.783611297607422,-6.551993846893311,-8.76057243347168,-7.504374980926514,1.1586182117462158,-9.50903034210205,-3.6956961154937744,-10.480769157409668,-3.674330472946167,-4.853987216949463,-6.855911731719971,-2.261161088943481,1
53,0.4165713191032409,0.0377414524555206,1814.9915671408355,1863.920630048968,3758.5572725183824,0.102008016748366,-419.7303161621094,59.816650390625,-6.441368579864502,14.7725248336792,-7.589315414428711,0.1421724259853363,-14.289974212646484,-8.11458683013916,-13.208000183105469,-1.1756365299224854,2.6309027671813965,-9.525864601135254,-2.470383405685425,-6.957526683807373,0.560093879699707,-5.141096591949463,-6.818356990814209,-4.676721572875977,-5.84581184387207,-5.392632961273193,1
54,0.2824870347976684,0.0472231023013591,1295.957503259883,1102.1557666762003,2306.237262228261,0.085258152173913,-393.53424072265625,72.28125,-34.77198028564453,20.986440658569336,-10.049893379211426,-3.0898423194885254,-24.13140296936035,-7.649093627929687,-9.096502304077148,6.009711742401123,-4.306779384613037,-19.433656692504883,0.3009519577026367,-5.887231826782227,0.519017219543457,-13.444621086120604,-6.601617336273193,-1.2920676469802856,-5.45676851272583,-4.275584220886231,1
55,0.2409538030624389,0.0366172865033149,939.2539474440875,906.7562859764864,1869.331691576087,0.0632642663043478,-456.681884765625,46.32662963867188,-1.4525587558746338,6.1198554039001465,-6.786257743835449,3.73583722114563,-4.6336669921875,-2.602457046508789,-8.9907808303833,-7.887955188751221,0.7707825899124146,-5.201652526855469,-2.0337936878204346,-6.045281887054443,-8.222776412963867,-2.9848575592041016,-2.9806807041168213,-6.313723564147949,-0.3535933494567871,-1.3000729084014893,0
56,0.1196881905198097,0.0262698680162429,474.38329185329,428.135128606036,885.5139690896739,0.0299479166666666,-469.6460876464844,41.81240463256836,-12.2881498336792,-1.2286980152130127,-8.076201438903809,-2.635560750961304,1.00396990776062,-8.153167724609375,-6.247256278991699,6.1839599609375,-0.7845492362976074,-5.195821762084961,-2.108912706375122,-7.841641426086426,-3.376502513885498,-3.4050002098083496,-5.600692272186279,-1.924246311187744,1.3390547037124634,-1.2405595779418943,0
57,0.2061127424240112,0.0274372417479753,1047.0819214612743,829.2933198132591,1992.4454398777173,0.0757402060688405,-484.2988586425781,47.18254089355469,-19.814401626586918,12.42466926574707,-6.161027908325195,3.5971736907958984,-4.28155517578125,-5.112863063812256,-12.275653839111328,4.71256685256958,4.270007133483887,-13.199772834777832,-3.4751923084259038,-2.779764175415039,-0.3089486956596374,-2.3637540340423584,-4.067224502563477,-5.865077018737793,-0.5201327800750732,-3.601105213165283,0
58,0.143580824136734,0.0287285558879375,714.011255464692,585.2205863770545,1398.721976902174,0.0478657155797101,-500.03900146484375,46.00919342041016,-22.794626235961918,10.709776878356934,-9.350794792175291,-0.112462542951107,-8.149320602416992,-4.051573753356934,-11.703266143798828,2.213334321975708,5.180649280548096,-7.315465450286865,-2.5030832290649414,-3.4351999759674072,-2.4604294300079346,-3.477670907974243,-2.620169878005981,-7.55412483215332,2.501043796539306,-2.8811113834381104,0
59,0.1779909580945968,0.0172460842877626,873.3830832844135,762.5219128654103,1705.648140285326,0.0486087522644927,-515.3172607421875,46.13436126708984,-18.67543601989746,8.99687385559082,-16.273448944091797,1.034602165222168,-7.736987113952637,-5.159870624542236,-2.308318853378296,-5.245798110961914,-1.3321058750152588,-5.2842559814453125,-2.312666416168213,-5.187070369720459,-1.2884278297424316,-2.839397430419922,-3.85122275352478,-0.8062267899513245,-2.9548652172088623,-3.5401227474212646,0
60,0.1454418897628784,0.0369624271988868,575.0852177715587,487.7118660478207,1162.1688179347825,0.039069576539855,-470.7103576660156,42.029083251953125,-20.640470504760746,13.201239585876465,-9.138946533203123,1.4706226587295532,-9.4254150390625,-4.2537031173706055,-8.938644409179688,1.849271535873413,3.89325475692749,-6.577422618865967,-2.1474757194519043,-4.764859199523926,0.1165062710642814,-3.246625661849976,-3.1305744647979736,-4.73949670791626,0.1389337331056594,-2.5389745235443115,0
61,0.2619806826114654,0.0288270357996225,935.3756960135388,921.4250233518984,1786.1635954483695,0.0581337749094202,-460.848388671875,52.13832473754883,-0.0953883305191993,7.851090908050537,-13.51060962677002,2.3078439235687256,-2.629168748855591,1.6490728855133057,-4.35427713394165,-9.060662269592283,-2.992215394973755,-6.502392292022705,-1.2106621265411377,-6.404911518096924,-6.027453422546387,-4.895168304443359,-4.110965251922607,-2.6167209148406982,0.3417845964431762,-2.9250495433807373,0
62,0.1890761405229568,0.0314859710633754,1093.1478826822772,997.3698998976724,2196.2306810461955,0.0640497622282608,-447.1556701660156,51.9432487487793,-13.562429428100586,11.817370414733888,-23.282325744628903,-1.1340360641479492,-15.44162368774414,-3.2398526668548584,-7.830137252807617,-5.949443817138672,-5.302591800689697,-6.81765604019165,0.0412964113056659,-11.268259048461914,-3.086583375930786,-3.2331058979034424,-0.3802136778831482,-5.393930435180664,-2.052809238433838,-1.3101460933685305,0
63,0.1636388599872589,0.0323063060641288,560.6570045651608,602.3376967286144,1127.5284476902175,0.028228317481884,-468.9153747558594,54.557743072509766,-10.944406509399414,7.831990718841553,-0.0970263257622718,0.7032658457756042,-5.655828475952148,-0.1737309098243713,-11.197284698486328,-3.934972763061523,0.4878512322902679,-4.806689739227295,-2.970144033432007,-8.266185760498047,-5.018443584442139,-5.785238742828369,-3.814775943756104,-2.6600561141967773,-1.5542361736297607,-4.893855571746826,0
64,0.2998681962490082,0.0660254955291748,1367.944977455718,1158.8737864450345,2460.714588994565,0.0848406363224637,-350.2287902832031,79.79023742675781,-48.65203094482422,28.444311141967773,-2.36054801940918,4.561112880706787,-22.994802474975582,-8.176182746887207,-23.111989974975582,-1.7922790050506592,-4.69494104385376,-19.368051528930664,-0.5001416802406311,-8.580998420715332,-1.0274354219436646,-12.631661415100098,-3.9412102699279785,-2.061516046524048,-0.9638813138008118,-6.511170387268066,0
65,0.1674291938543319,0.0398588329553604,932.1220911215704,830.4687009305104,1866.679050611413,0.0583814538043478,-444.4598693847656,51.183013916015625,-25.702024459838867,15.652043342590332,-16.05474090576172,15.494483947753906,-17.59673309326172,-1.3357006311416626,-7.287484645843506,-0.825568675994873,-7.944726943969727,-10.96432876586914,1.2342681884765625,-6.998998641967773,0.2505752444267273,-9.96618938446045,3.261171817779541,-2.9782261848449707,-2.7063307762146,-4.690335273742676,0
66,0.1772003918886184,0.0345150455832481,910.54286971901,782.1225625161393,1742.9411514945652,0.0556428328804347,-435.4556274414063,44.247188568115234,-19.185380935668945,12.96240520477295,-17.751617431640625,3.0771913528442383,-10.55754852294922,-2.017354726791382,-4.260441780090332,-5.621340751647949,-6.363572120666504,-5.453134536743164,0.8734050989151001,-10.482175827026367,-4.002403259277344,-4.648794651031494,-1.172863245010376,-6.737650394439697,-4.785123348236084,-0.9163909554481506,0
67,0.3159094154834747,0.043894276022911,1156.7479132933613,1163.9466837104123,2282.2074558423915,0.0651324728260869,-434.57373046875,59.152565002441406,-2.970356702804565,5.767013549804688,-3.89893102645874,4.431950569152832,-8.656476020812988,-2.2599098682403564,-5.745628833770752,-10.35216236114502,-2.266706943511963,-7.162502288818359,-2.6462841033935547,-8.764596939086914,-10.05024528503418,-4.26383113861084,-4.511486053466797,-5.846071243286133,-3.1674208641052246,-0.9554333686828612,0
68,0.1666725575923919,0.0346072390675544,547.1592217751202,612.8031549234179,1007.2233780570652,0.0261902740036231,-449.4617004394531,49.08041000366211,-0.1656454354524612,3.760509490966797,-2.5170562267303467,1.2138011455535889,-8.55091667175293,-2.0451419353485107,-2.2963690757751465,-8.490213394165039,-4.692132949829102,-6.141421794891357,-1.839965581893921,-6.766282081604004,-7.968234062194824,-5.519731998443604,-4.759204864501953,-4.058168411254883,-3.1807782649993896,-1.2198575735092163,0
69,0.1445753723382949,0.0449664071202278,682.6589569226574,694.122417485855,1303.8510529891305,0.0365927875905797,-414.8124694824219,59.81232833862305,-15.09303855895996,0.7019158601760864,-13.574881553649902,3.8285915851593018,-8.691847801208496,-9.159923553466797,-11.111764907836914,6.027113437652588,0.9846175909042358,-6.331272125244141,-0.7841758131980896,-11.366701126098633,-3.375311374664306,-9.068848609924316,-9.1030855178833,-5.000222206115723,-1.6708178520202637,-2.523470640182495,0
70,0.121256411075592,0.0195158142596483,583.7884382503881,470.2313928509705,1103.9667544157608,0.0343424479166666,-521.20703125,31.88451766967773,-20.917675018310547,9.4619779586792,-13.933374404907228,3.920575618743897,-9.22580337524414,-4.096419811248779,-2.299134492874145,-2.025468349456787,-4.172157287597656,-7.464829444885254,-0.3690139651298523,-5.8993682861328125,0.5309908390045166,-3.304185152053833,-2.9833595752716064,-0.736867368221283,-0.0906494855880737,-1.489451289176941,0
71,0.3043122887611389,0.0298626217991113,1337.7612461581573,1201.203529553164,2668.244735054348,0.0860507246376811,-457.2945861816406,60.93588638305664,-20.307029724121094,5.701903343200684,-7.336514949798584,1.998115420341492,-10.780905723571776,-4.023190498352051,-13.183968544006348,0.900319516658783,2.8132002353668213,-10.866891860961914,-2.8460018634796143,-7.582211017608643,-5.073686122894287,-5.582556247711182,-1.9569991827011108,-5.935497283935547,-2.209106683731079,-2.8388149738311768,0
72,0.3161333799362182,0.0442093536257743,1656.5456067830837,1640.9237344542655,3223.623525470391,0.1037201675539673,-373.9415893554688,80.45994567871094,-9.110424041748049,-1.4120210409164429,-18.245973587036133,-1.2219040393829346,-12.733180046081545,-13.520503044128418,-17.395187377929688,1.7949883937835691,0.0595783591270446,-7.992287635803223,-4.785428524017334,-13.509133338928224,-2.784546136856079,-8.066873550415039,-8.159040451049805,-5.962210178375244,-3.082974672317505,-2.1434547901153564,0
73,0.1630236655473709,0.026112588122487,750.6680268435287,639.5908857995131,1417.2904636548913,0.0493871716485507,-490.77197265625,49.82072830200195,-21.276037216186523,3.728428602218628,-4.977087020874023,4.820072650909424,-7.588706016540527,-4.141337871551514,-10.376588821411133,1.907011866569519,2.619253396987915,-9.803436279296877,-1.770269751548767,-7.065620422363281,-4.388384819030762,-1.783626675605774,-2.522977590560913,-5.221817493438721,-0.1218775734305381,-1.4044933319091797,0
74,0.1411032229661941,0.0345431268215179,644.422169130519,533.3077372936175,1275.4521908967392,0.0437683990036231,-479.8955993652344,42.69137954711914,-21.939319610595703,13.651576042175291,-8.84508228302002,2.4494969844818115,-10.115917205810549,-4.382136344909668,-8.516328811645508,1.192197322845459,4.230000019073486,-6.486277103424072,-0.6967637538909912,-5.162509918212891,-0.2252681851387024,-1.856239914894104,-3.92266058921814,-6.26151180267334,0.5707575082778931,-2.439154148101806,0
75,0.1220578849315643,0.0345542468130588,721.5642219003975,609.5538077691257,1355.9676460597825,0.0446529664855072,-457.24359130859375,35.26935577392578,-19.127058029174805,11.101107597351074,-12.483624458312988,7.584269046783447,-12.99307632446289,-3.436983108520508,-3.105316638946533,7.336490631103516,-0.2030806541442871,-10.720171928405762,-2.7285282611846924,-9.748350143432615,0.5666117072105408,-4.107430934906006,-3.6046125888824463,-1.7760108709335327,0.9339265823364258,-2.29580020904541,0
76,0.1864447891712188,0.031946737319231,802.3264444569337,839.0137582071958,1480.1736582880435,0.0440585371376811,-468.8517150878906,61.09946823120117,-5.898237705230713,-3.861766815185547,-17.891756057739258,-2.390071153640747,-4.608484745025635,-4.929727554321289,-6.141441345214844,3.2898614406585693,0.0514944605529308,-6.599725246429443,-1.177096605300903,-6.400522232055664,-3.1775519847869877,-7.76900053024292,-7.372488498687744,-3.2270352840423584,-1.4386924505233765,-1.3768339157104492,0
77,0.1432411521673202,0.051910426467657,812.7732425856948,785.9907786153736,1589.2440132472825,0.0433862658514492,-399.7835388183594,67.109375,-24.73829841613769,-0.1675575971603393,-23.262807846069336,1.3124938011169434,-13.510337829589844,-7.079868316650391,-16.479068756103516,7.444325447082519,-0.3828387558460235,-8.508970260620117,-1.1032789945602417,-17.359973907470703,1.0145299434661863,-6.869136333465576,-7.35468864440918,-3.3363161087036133,-2.217913150787353,-4.330465316772461,0
78,0.270942747592926,0.0489330850541591,1388.4751020567671,1406.380146738444,2916.500721807065,0.0720391757246376,-412.11517333984375,74.979736328125,-12.301971435546877,6.115286350250244,-22.707826614379883,1.919152021408081,-16.72513198852539,-8.986627578735352,-22.15047836303711,8.49116325378418,2.812142133712769,-8.388920783996582,-0.425749123096466,-19.135852813720703,-0.0272956509143114,-8.053686141967773,-6.327142238616943,-5.105491161346436,-2.7216544151306152,-2.6340813636779785,0
79,0.157323271036148,0.0408353582024574,892.8703572317645,833.580319078017,1782.5747282608695,0.0516092051630434,-428.9759521484375,53.10308456420898,-23.50326156616211,8.817758560180664,-17.918684005737305,3.763880729675293,-15.886736869812012,0.2206259965896606,-16.2501220703125,6.53648853302002,2.5362391471862797,-4.922379493713379,-1.327795386314392,-15.33028507232666,0.7351862788200378,-8.500219345092773,-5.541855335235596,-5.56345272064209,-0.3919915556907654,-1.4776312112808228,0
80,0.190004363656044,0.0240250490605831,798.6916523669292,732.3153830096414,1618.7351392663045,0.0503141983695652,-504.3194580078125,47.22209167480469,-13.905913352966309,10.189764022827148,-7.54743766784668,1.6097335815429688,-5.273115634918213,-6.203338146209717,-11.873071670532228,0.4049827456474304,3.4821410179138184,-9.303459167480469,-3.762290954589844,-4.017494201660156,0.6850407719612122,-3.436875343322754,-4.964064598083496,-6.40678596496582,-1.0951168537139893,-3.0080268383026123,0
81,0.1485907286405563,0.0297646652907133,695.4281507822847,615.6545018818941,1271.5512483016305,0.0431527400362318,-468.0618591308594,54.4357795715332,-21.671337127685547,3.9895832538604736,-5.788023471832275,0.8281976580619812,-10.152717590332031,-7.818873405456543,-11.370241165161133,1.8064944744110107,2.517569065093994,-5.750631809234619,-2.43318510055542,-6.990553855895996,-2.858548879623413,-3.6438610553741455,-2.1185550689697266,-6.87027645111084,-1.1109248399734497,-1.2707526683807373,0
82,0.1518392562866211,0.0747278854250907,790.7386268023857,777.4720336744605,1494.6851647418478,0.0422540194746376,-361.32025146484375,73.42937469482422,-27.98204040527344,10.59200668334961,-16.247894287109375,5.000350475311279,-12.819466590881348,-6.26811408996582,-16.045745849609375,-1.94022274017334,0.8143842220306396,-11.466221809387209,-5.585126876831055,-6.922048568725586,3.4970955848693848,-7.762933254241943,-3.4354686737060547,0.4962503612041473,-1.7724604606628418,-7.93978214263916,0
83,0.1823982447385788,0.0184686444699764,873.5406564421129,817.5247227985072,1730.302097486413,0.0445185122282608,-489.3114318847656,44.10907745361328,-12.726882934570312,9.07296371459961,-6.781113147735596,1.2548840045928955,-3.71976375579834,-2.913927793502808,-4.529380798339844,-8.022089958190918,-5.789377212524414,-10.074023246765137,-4.1938581466674805,-5.713468551635742,-2.834757089614868,-2.4041783809661865,-4.472392559051514,-2.691893577575684,-2.322039842605591,-3.440214157104492,0
84,0.176556721329689,0.0297739952802658,974.476526421662,804.8798864404996,1874.7930112092392,0.0664699388586956,-461.71624755859375,32.5177001953125,-14.93612003326416,17.908056259155273,-15.98723030090332,4.75341796875,-13.22245979309082,0.5942402482032776,-1.5913699865341189,-5.9429707527160645,-8.23718547821045,-7.67570161819458,0.8993160724639893,-8.7639741897583,-1.24384343624115,-4.837571620941162,-0.2983068525791168,-4.483231067657471,-5.008491039276123,-1.8828102350234983,0
85,0.2889912128448486,0.0173542853444814,1611.6318158643292,1265.358643418076,3119.193699048913,0.1196572124094202,-518.4771728515625,23.3492431640625,-14.444396018981934,12.540242195129396,-3.046525001525879,6.590697765350342,-12.28936004638672,-1.7049754858016968,-0.1582737863063812,-3.3066627979278564,-2.6129117012023926,-7.451493740081787,-2.3712995052337646,-0.403950035572052,-1.5978872776031494,-6.349762439727783,-0.9791030883789062,-1.2687186002731323,-2.011704921722412,-5.2670578956604,0
86,0.2542827725410461,0.0277918390929698,1339.0812630940109,1156.6357039415802,2616.1281419836955,0.0871334352355072,-457.3350830078125,42.31050491333008,-15.11678409576416,13.751788139343262,-16.131994247436523,0.5081965923309326,-13.700701713562012,-1.4283510446548462,-3.783405303955078,-4.276817321777344,-3.601393222808838,-5.403944969177246,1.1039605140686035,-11.09307098388672,-4.365703105926514,-6.448307991027832,-3.196814775466919,-3.7277603149414062,-2.969155788421631,-1.2465909719467163,0
87,0.1441868245601654,0.0296211838722229,603.2502025402437,593.8658853193648,1140.1675016983695,0.0310164741847826,-455.58099365234375,38.67741012573242,-15.313803672790527,4.082651138305664,-10.003787994384766,2.4619028568267822,-13.360275268554688,-7.468810081481934,-8.925384521484375,-5.863357067108154,0.4463396072387695,-7.864889621734619,-3.7240958213806152,-2.342686414718628,2.8435678482055664,-6.1092610359191895,-3.7261362075805664,-2.058091640472412,-4.668113708496094,-1.8019163608551023,0
88,0.098969779908657,0.0452581904828548,481.8268652954025,490.9653223206817,896.748683763587,0.0258576766304347,-483.9658203125,42.66032791137695,-18.968669891357425,3.958143711090088,-14.38023567199707,7.173198699951172,-14.107006072998049,0.4671831130981445,-7.955101013183594,-2.786590576171875,-0.285938560962677,-7.5969557762146,-0.8754755854606628,-5.062492847442627,2.1156198978424072,-0.94143545627594,1.349859595298767,-2.7141342163085938,-0.8217958807945251,-3.512939214706421,0
89,0.3286649882793426,0.0260044522583484,1666.0136902643133,1562.85522737879,3179.168857672276,0.0989597244480057,-401.8059692382813,89.84830474853516,-21.09442138671875,9.897525787353516,-21.864368438720703,-4.549871444702148,-16.3991756439209,-15.667823791503906,-6.979249954223633,-7.434366703033447,-8.28763484954834,-12.540475845336914,-7.239717483520508,-11.713775634765623,-2.3035500049591064,-4.733432769775391,-8.649947166442871,-2.9672951698303223,-2.858985662460327,-6.118370056152344,0
90,0.1986937224864959,0.0322609283030033,850.7984342404567,892.9702000681012,1711.2654976222825,0.0447591145833333,-478.3294982910156,55.1855697631836,-9.979039192199709,6.889427185058594,-0.0289306640625,3.0007553100585938,-4.783907413482666,-0.0025304157752543,-11.72804832458496,-6.856496810913086,-0.3110533952713012,-3.1008706092834477,-1.5964655876159668,-8.430061340332031,-4.837453842163086,-9.232890129089355,-4.824135780334473,-2.0571212768554688,-2.7437915802001958,-5.832780838012695,0
91,0.1411819756031036,0.0328678376972675,665.3057692257412,564.7637869325383,1341.6121773097825,0.0445963541666666,-471.524169921875,41.12741088867188,-18.37970542907715,14.157536506652832,-9.57265281677246,3.0752267837524414,-6.188756942749023,-2.5767030715942383,-10.49760627746582,0.4904108047485351,2.9137582778930664,-8.761495590209961,-1.0099785327911377,-4.700351715087891,1.0705245733261108,-0.8171395659446716,-4.515632152557373,-5.630150318145752,-0.4973854422569275,-2.864513397216797,0
92,0.1647979468107223,0.0103017594665288,839.5726450475311,726.200073871846,1575.044582201087,0.0488564311594202,-542.1263427734375,41.1160888671875,-13.986379623413086,8.258343696594238,-7.3332977294921875,-0.7278153300285339,-7.443212509155273,-5.188614368438721,-1.4417589902877808,-3.6992461681365967,-2.320931196212769,-6.715463638305664,-5.058311462402344,-7.811558723449707,0.0921203792095184,-1.3094655275344849,-5.826614856719971,-2.975464344024658,-0.7186575531959534,-2.0310800075531006,0
93,0.1279002130031585,0.0250123739242553,638.6183769578334,544.764723474132,1239.095405910326,0.0422398663949275,-510.1036987304688,32.091068267822266,-14.887263298034668,13.274703979492188,-8.006402969360352,4.343654155731201,-5.727142333984375,0.1151673421263694,-7.9746785163879395,2.2402076721191406,3.2862839698791504,-5.09521484375,0.6520720720291138,-6.000086784362793,0.95069420337677,-1.5827946662902832,-3.637103080749512,-4.490981101989746,-0.3598012924194336,-1.001042366027832,0
94,0.2176819443702697,0.0414792485535144,735.1531751460674,845.6343550898611,1510.7570482336955,0.0359771286231884,-441.7275390625,63.59731674194336,-4.900886058807373,6.6459479331970215,-8.266928672790527,4.975984573364258,-15.059148788452148,-2.7591826915740967,-3.819602251052856,-5.413731575012207,1.4184739589691162,-8.993880271911621,-4.502967834472656,-11.79409885406494,-8.923577308654785,-2.9402623176574707,-5.6309895515441895,-7.321045875549316,-1.956207513809204,-3.104786157608032,0
95,0.1010507941246032,0.0157940257340669,554.0351924170194,435.0864229255367,1010.5001698369564,0.0362955729166666,-523.9066772460938,29.084503173828125,-17.603557586669922,8.88976001739502,-10.253480911254885,1.6757220029830933,-5.78620719909668,-4.094572067260742,-0.4574030041694641,-2.064941167831421,-2.8112213611602783,-4.8425822257995605,-1.164531946182251,-4.490909099578857,0.8958529233932495,-2.8314459323883057,-3.2517430782318115,-0.7965091466903687,-0.6655906438827515,-2.2740392684936523,0
96,0.1230247691273689,0.0185376908630132,436.3167658565409,509.1912765286352,906.4230213994564,0.0218169723731884,-550.436767578125,37.00135803222656,-3.2735755443573,9.162324905395508,-5.5890421867370605,4.386311054229736,-6.037003517150879,-3.2074520587921143,-2.963964462280273,-3.569967269897461,0.6030023694038391,-8.379425048828125,-4.661047458648682,-3.0155844688415527,1.6053965091705322,-3.5788824558258057,-3.2629611492156982,-0.5506381988525391,-3.2453224658966064,-2.013842821121216,0
97,0.1220530420541763,0.0132108032703399,649.2150964454688,605.3003107231459,1338.6474609375,0.033210201539855,-541.231201171875,30.57695770263672,-10.619343757629396,12.704129219055176,-5.249500274658203,5.938436031341553,-4.368687629699707,-3.4748215675354004,-2.535865545272827,-3.8088626861572266,-3.3442368507385254,-7.934980869293213,-4.578281402587891,-6.66320276260376,-1.4044100046157837,-2.6928582191467285,-3.613825798034668,-1.183631420135498,-0.1319905668497085,-1.124158501625061,0
98,0.2034633159637451,0.0209627635776996,1045.242055850877,824.1431511642533,1986.8280825407608,0.0676658740942029,-513.4724731445312,35.834129333496094,-20.55193901062012,15.723979949951172,-14.70881462097168,2.444537878036499,-14.863351821899414,-2.479801177978516,-3.443204164505005,-4.189067840576172,-4.402224063873291,-5.731482982635498,1.6674463748931885,-8.05608081817627,-1.028605580329895,-6.8956685066223145,-1.656829833984375,-1.839360475540161,-2.463484525680542,-2.14563512802124,0
99,0.1249573528766632,0.0278355404734611,715.1531340353839,602.4265687839822,1339.115574048913,0.0424167798913043,-470.1632995605469,27.326465606689453,-10.738080024719238,16.785017013549805,-11.291015625,-1.0631548166275024,-10.648670196533203,-3.358464002609253,-4.088860034942627,-5.77787446975708,-7.467634677886963,-5.093340396881104,1.035779595375061,-8.246176719665527,-2.738194942474365,-4.191190719604492,-1.0983694791793823,-2.1609792709350586,-1.519610047340393,-0.5178716778755188,0
100,0.2089985609054565,0.0402823239564895,640.0460590019803,704.5160669091373,1301.1984120244565,0.03271484375,-468.0255737304688,51.335235595703125,-3.533219814300537,7.793997287750244,-5.335987567901611,6.640084743499756,-7.7796311378479,-1.0172921419143677,-6.948002815246582,-7.808855533599853,0.8509925603866577,-5.103860378265381,-1.4985144138336182,-8.461883544921875,-8.16280460357666,-4.306029796600342,-4.671224594116211,-6.45982027053833,-3.0969603061676025,-1.1397138833999634,0
101,0.1600642055273056,0.0276394262909889,683.1652030256791,676.9945234916322,1372.8197180706522,0.0351208673007246,-483.1341857910156,46.74638366699219,-18.19135093688965,3.964370012283325,-16.775775909423828,4.155664920806885,-17.73151206970215,-6.975015163421631,-8.247751235961914,-5.588568210601807,0.2111435830593109,-6.457181930541992,-2.35466742515564,-4.74196720123291,4.56114387512207,-7.484336853027344,-3.39462685585022,1.0974369049072266,-3.9412553310394287,-3.207000494003296,0
102,0.4152495265007019,0.0330437608063221,1699.3578119538329,1727.9106278365352,3466.68914180474,0.0979069447357382,-440.3150024414063,70.12269592285156,4.5280070304870605,6.696279048919678,-5.389003276824951,1.336505651473999,-12.005927085876465,-6.039099216461182,-8.628329277038574,-9.831901550292969,-3.8669044971466064,-7.832113265991211,-4.71868896484375,-9.552111625671388,-8.465734481811523,-5.939845085144043,-6.124788284301758,-6.137631893157959,-3.884556770324707,-3.2003509998321533,0
103,0.1275568306446075,0.0276278648525476,461.5981621448682,492.2697193018122,882.861328125,0.0254472373188405,-509.543701171875,40.72051239013672,-6.4496355056762695,3.0055606365203857,-2.590059280395508,3.853772163391113,-6.471886157989502,-0.2795964479446411,-7.028552532196045,-1.645425796508789,-0.8542176485061646,-7.866146564483643,-2.9795000553131104,-7.021085262298584,-0.713900625705719,0.4743974208831787,-1.0266283750534058,-0.9316903948783876,0.7959743142127991,-1.550510287284851,0
104,0.1650607883930206,0.0359189510345459,587.8543527015914,664.2291179336551,1190.567680027174,0.0281929347826086,-455.2907104492188,54.34677505493164,-1.3409260511398315,3.5168046951293945,-6.417074680328369,1.2401819229125977,-9.998653411865234,0.7890068888664246,-1.6008737087249756,-7.701405525207519,-1.5514334440231323,-4.693905353546143,-1.6209970712661743,-7.708824157714844,-7.69307279586792,-3.921868801116944,-3.91428542137146,-3.25994873046875,-2.298541307449341,-1.937439203262329,0
105,0.1061912551522255,0.0318809673190116,559.5720411381853,533.6506601158366,1048.1052564538045,0.0283344655797101,-478.9655151367188,39.39559173583984,-17.29018783569336,9.507002830505373,-8.224669456481934,4.794172286987305,-11.624267578125,-2.7127935886383057,-8.501965522766113,-3.862091064453125,0.1774965971708297,-8.869256019592285,-5.318841934204102,-5.11675500869751,2.845801830291748,-6.100081920623779,-0.8604623675346375,-0.1810367703437805,-0.4303205609321594,-1.4237345457077026,0
106,0.3105007708072662,0.0382359288632869,1893.3846379873908,1694.0378977509654,3594.1357279932777,0.1277167741642441,-363.8108215332031,74.34233856201172,-14.45790958404541,13.461660385131836,-19.312110900878903,1.8399672508239744,-18.506122589111328,-13.78641128540039,-14.299092292785645,-7.244803428649902,0.0486795306205749,-8.714890480041504,-6.622809886932373,-8.542617797851562,-0.3104284405708313,-5.426693439483643,-4.881962776184082,-4.081210136413574,-1.250273823738098,-3.810392856597901,0
107,0.3143894076347351,0.0365242548286914,1157.2952495938243,1157.24660563532,2263.170855978261,0.0669652966485507,-441.7328186035156,56.918235778808594,-0.8473302721977234,8.462608337402344,-16.422090530395508,2.4295637607574463,-2.912813186645508,2.1813106536865234,-4.135484218597412,-8.173813819885254,-1.9377917051315308,-6.79848575592041,-1.066860556602478,-7.986552715301514,-7.183369159698486,-6.249991416931152,-6.1777753829956055,-1.7019490003585815,1.704528570175171,-3.4886837005615234,0
108,0.3849444091320038,0.0639685690402984,1769.2855747763929,1713.9440387549364,3491.444396972656,0.109415124963831,-345.9613037109375,87.21995544433594,-24.26177215576172,16.657543182373047,-11.157599449157717,4.292971134185791,-19.50508117675781,-7.900426387786865,-20.215940475463867,-4.664078235626221,-0.8961092829704285,-12.56744384765625,-5.823416233062744,-11.92110538482666,-2.295757532119751,-9.765057563781738,-3.793927192687988,-4.377662181854248,-3.428609132766724,-8.246356010437012,0
109,0.1906095147132873,0.0626163780689239,946.0074861124951,809.0190843648418,1779.610011888587,0.0588485054347826,-395.1106262207031,61.88978958129883,-34.80132293701172,17.164987564086914,-17.894729614257812,11.974071502685549,-7.95995569229126,-3.6615419387817374,-20.23444366455078,-1.6052237749099731,-2.789862155914306,-10.993708610534668,-0.0150872934609651,-14.509520530700684,-2.1488444805145264,-9.182103157043455,-2.7436792850494385,-1.7083542346954346,0.1199356690049171,-6.081740856170654,0
110,0.1389897912740707,0.0355076342821121,669.8287769989398,535.2740456505974,1279.5091711956522,0.0460895040760869,-482.0668029785156,41.7071533203125,-23.16873359680176,14.138669967651367,-10.187274932861328,2.649653673171997,-7.187669277191162,-2.421764373779297,-10.449311256408691,1.475885987281799,3.676334142684937,-8.164036750793457,-1.2585206031799316,-5.353353023529053,0.848033607006073,-3.131947755813598,-5.111819267272949,-5.585371494293213,0.182915061712265,-3.1639084815979004,0
111,0.162763774394989,0.0100323436781764,747.2884742073752,677.2633200739182,1287.1550186820652,0.0448228034420289,-548.6048583984375,50.89057922363281,-13.745244979858398,1.18467915058136,-10.804091453552246,3.166175365447998,-3.313285112380981,-0.3296482264995575,3.0242977142333984,-1.5398309230804443,-3.611183404922485,-9.779083251953123,-3.606907606124878,-4.865700721740723,0.2090550810098648,-1.9929276704788208,-6.607995510101318,-2.6745715141296387,-1.2536541223526,-2.2182509899139404,0
112,0.2801944315433502,0.0561171695590019,1210.9069556083052,1224.3988870987782,2492.858355978261,0.0731855751811594,-384.60552978515625,74.91731262207031,-17.485267639160156,15.489227294921877,-3.501049757003784,6.820184230804443,-21.23805809020996,-8.450787544250488,-15.532235145568848,-1.356909990310669,1.3037573099136353,-14.205218315124512,-10.961398124694824,-12.21927261352539,-1.0326108932495115,-5.222470283508301,-2.970493793487549,-9.040424346923828,-3.87190055847168,-6.787442207336426,0
113,0.123787447810173,0.0234945993870496,830.573476299722,587.0103615278547,1376.8766983695652,0.0555579144021739,-518.6015625,34.82512283325195,-27.679664611816406,12.587627410888672,-17.172033309936523,7.078463554382324,-8.330358505249023,-2.6657724380493164,-7.584476947784424,0.9383274912834167,-3.6371309757232666,-10.770773887634276,-1.9280294179916384,-6.251488208770752,2.4786899089813232,-6.084163188934326,-0.9517359137535096,-1.836042404174805,0.287969559431076,-1.273674726486206,0
114,0.3529090583324432,0.0391086265444755,1668.1765392662442,1593.1864649114193,3192.2076416015625,0.1043589274088541,-363.1186218261719,75.48466491699219,-16.343769073486328,5.681690692901611,-15.497726440429688,-0.5123011469841003,-17.021902084350586,-15.242012977600098,-11.12037181854248,-6.291963577270508,0.7233018279075623,-6.053529739379883,-5.84497594833374,-7.720971584320068,2.1271698474884038,-7.17402458190918,-7.762080192565918,-1.820292592048645,-6.140902519226074,-3.733174562454224,0
115,0.1403171718120575,0.0108912019059062,664.3093832190793,596.0057685881716,1260.160495923913,0.0394234035326086,-560.5132446289062,40.59038162231445,-17.21626853942871,6.715553283691406,-12.588653564453123,-0.7114410996437073,-8.581573486328125,-3.078933000564575,-0.8525896668434143,-2.128391981124878,-2.425942897796631,-7.150938987731934,-2.4903504848480225,-4.868368148803711,1.1772668361663818,-2.561255931854248,-4.123748302459717,-2.254119396209717,-2.5779433250427246,-2.3821096420288086,0
116,0.2253939658403396,0.0480404235422611,1207.298004160386,1230.8233584933714,2552.620796535326,0.0673686594202898,-399.4724731445313,62.4944953918457,-12.812467575073242,-1.825208306312561,-17.832181930541992,3.0148279666900635,-6.875200748443604,-8.709672927856445,-12.11219882965088,9.879122734069824,0.4634601771831512,-11.55573558807373,-2.348870277404785,-12.658281326293944,-2.876176118850708,-10.425186157226562,-11.031194686889648,-4.216490268707275,2.009157657623291,-1.8227670192718504,0
117,0.1334346979856491,0.017963733524084,598.1608863094592,586.7018007890093,1130.1810886548913,0.0342575294384058,-514.4205322265625,41.26030731201172,-13.057782173156738,1.6464266777038574,-13.4520902633667,6.055683612823486,-10.96324062347412,-5.168140411376953,-7.8078932762146,-5.768178939819336,0.3538110554218292,-3.5155158042907715,-3.1110732555389404,-6.201276779174805,3.779999732971192,-6.198037624359131,-5.637819290161133,-1.1902574300765991,-3.256443738937378,-2.2402663230896,0
118,0.1184461116790771,0.032325942069292,602.0120945717003,491.8419568831967,1178.2407014266305,0.0423530910326086,-482.5134887695313,38.6828727722168,-19.96136283874512,12.265647888183594,-8.059329986572266,2.783889055252075,-9.10427474975586,-3.1259548664093018,-9.009916305541992,2.3926618099212646,3.4861440658569336,-7.550455570220947,-0.6378858089447021,-4.342691898345947,0.7473685145378113,-2.838944911956787,-4.681642532348633,-5.472379207611084,0.1003374457359314,-2.1329574584960938,0
119,0.2301852405071258,0.0820918157696724,1244.361995792661,1017.9309401427716,2269.568401834239,0.0760303442028985,-317.08709716796875,76.36710357666016,-51.94242477416992,22.696033477783203,-12.931684494018556,2.2070651054382324,-29.99200439453125,-11.361276626586914,-19.07056427001953,2.220322608947754,-3.2568836212158203,-17.3575382232666,1.4750326871871948,-10.514755249023438,-0.4574305117130279,-11.80007553100586,-0.4578904509544372,-1.0330017805099487,-3.169827938079834,-4.811814785003662,0
120,0.4255250096321106,0.0524601712822914,1970.295874350268,1710.3406029614805,3839.103334139934,0.1354125513590391,-362.2667541503906,85.5006332397461,-27.32449531555176,19.882081985473636,-11.300304412841797,2.415839195251465,-17.293975830078125,-9.560935974121094,-17.117311477661133,1.146068096160889,4.7017340660095215,-14.041884422302246,-5.566854953765869,-9.85210418701172,-3.4715139865875244,-5.779209136962891,-7.3208231925964355,-11.207046508789062,-1.1647228002548218,-5.188983917236328,0
121,0.2238974422216415,0.0306053031235933,1086.673544576228,905.990380776112,2058.4493885869565,0.0703903419384057,-459.9742431640625,47.4139289855957,-17.255144119262695,4.907698631286621,-2.034555673599243,2.7829861640930176,-7.260400295257568,-2.65061616897583,-9.50906467437744,0.6233662962913513,1.5039163827896118,-8.6851806640625,-1.7280564308166504,-5.648579120635986,-7.116737365722656,-4.020224571228027,-1.7109534740447998,-5.576250076293945,0.0057606352493166,-2.7947301864624023,0
122,0.1653293967247009,0.0380410924553871,971.3694062968964,769.1545491744605,1844.677734375,0.065337692481884,-487.89593505859375,39.25810241699219,-21.52205848693848,13.960564613342283,-21.263551712036133,8.542726516723633,-14.90468978881836,-7.371878147125244,-6.911328315734863,0.2097872048616409,-0.4369815587997436,-5.113003730773926,-3.489027500152588,-6.700758457183838,2.4556705951690674,-6.963371753692627,-5.733451843261719,-3.829941511154175,2.0318245887756348,-5.206333160400391,0
123,0.0965876951813697,0.0286706294864416,442.99165658091977,451.0950590234135,827.1558678668479,0.0226236979166666,-505.1645812988281,35.735233306884766,-11.68726634979248,0.9895840883255004,-8.191967010498047,3.331289529800415,-7.80975866317749,-1.0277128219604492,-7.554308891296387,-0.0642269253730773,1.4752358198165894,-6.696271896362305,-1.85208523273468,-5.922402858734131,0.8780835270881653,-0.2754270434379577,0.4935166835784912,-0.1583319455385208,-1.608721137046814,-3.9289028644561768,0
124,0.1412819176912307,0.0261227712035179,503.5301350479685,606.5293819661757,1134.2380689538045,0.0190783514492753,-478.69915771484375,42.68048095703125,0.1743918657302856,5.494064331054688,-1.5149208307266235,6.531149387359619,-6.601831436157227,-0.661873996257782,-2.145669221878052,-4.119045734405518,-1.042633891105652,-5.606201171875,-0.855757474899292,-6.771777629852295,-5.600677967071533,-2.659076452255249,-4.843428611755371,-5.970859050750732,-2.6758501529693604,-1.0496723651885986,0
125,0.2000899761915207,0.0316528677940368,788.8520142100859,687.7219744176095,1582.0662788722825,0.0524654664855072,-474.4293212890625,50.56862258911133,-21.3410758972168,6.8797454833984375,-6.7431960105896,1.9819711446762085,-7.324129104614258,-2.240572690963745,-11.794919967651367,1.1962440013885498,5.831472873687744,-9.000307083129883,-2.172483205795288,-4.460372924804688,-4.921399116516113,-3.3543448448181152,-0.444324791431427,-7.187677383422852,-1.811778664588928,-1.630581617355347,0
126,0.2576307356357574,0.0418063402175903,1462.7224183962835,1422.0206035872652,3165.848972486413,0.086432857789855,-402.020751953125,65.88280487060547,-5.97479248046875,7.612854957580566,-19.973020553588867,3.6441829204559326,-12.403501510620115,-16.56934356689453,-21.29290199279785,0.4042622745037079,5.155864238739014,-8.018837928771973,-7.869541168212891,-8.214215278625488,-1.6557732820510864,-7.696552753448486,-2.585546970367432,-5.736690044403076,-3.659478187561035,-5.837512016296387,0
127,0.1532401889562606,0.0238605923950672,777.2743869080972,624.7705881166263,1474.8683763586955,0.0570156816123188,-490.5978393554688,35.966773986816406,-11.52611255645752,12.831432342529297,-9.469056129455566,5.234766006469727,-7.045541286468506,-5.368512630462647,-4.205718517303467,-0.5763314962387085,2.1812567710876465,-7.022830009460449,-2.5989880561828613,-3.5016345977783203,0.5197412371635437,-1.050568461418152,-3.2104146480560303,-4.915115833282471,-0.129299134016037,-2.840467691421509,0
128,0.3832795023918152,0.0350202694535255,1943.2994744260468,1781.1830018470737,3751.448638123841,0.1276158355222497,-392.7496948242188,60.90358352661133,-1.5468710660934448,12.362221717834473,-21.01619529724121,-0.4784450829029083,-8.583612442016602,-3.0432114601135254,-7.986173629760742,-8.277647018432617,-0.6732975840568542,-10.959355354309082,-4.263928890228272,-6.812573432922363,-6.5025739669799805,-7.279617786407471,-6.618191719055176,-3.547567844390869,-0.4966710805892944,-1.917256593704224,0
129,0.1319338679313659,0.0329699292778968,566.3143381058119,475.3036329466464,1143.912406589674,0.0379585597826086,-495.73834228515625,39.36826705932617,-20.396278381347656,12.17582893371582,-8.8023099899292,1.4604532718658447,-10.674298286437988,-4.554709434509277,-7.9722371101379395,1.8127583265304563,4.331815719604492,-6.793729782104492,-1.8838855028152464,-3.94195818901062,-1.7646900415420532,-1.7265236377716064,-4.273974895477295,-6.714224338531494,2.121800184249878,-2.633731842041016,0
130,0.3789056837558746,0.0276209190487861,1901.2070701953364,1826.914924825829,3814.9658203125,0.1145965301238738,-440.20843505859375,50.42695617675781,-6.9619550704956055,14.114876747131348,-17.669376373291016,-3.1432526111602783,-13.150718688964844,-3.741203546524048,-5.276699542999268,-6.179118633270264,-4.664544105529785,-5.653172016143799,-1.7682416439056396,-10.274518013000488,-4.6417975425720215,-6.131007671356201,-3.842195987701416,-5.160318851470947,-3.136524438858032,-1.6451071500778198,0
131,0.2004455327987671,0.065892793238163,914.8467700170428,903.8597911376812,1779.9220872961955,0.0478515625,-362.760498046875,75.8253402709961,-28.538928985595703,9.29611110687256,-17.727453231811523,4.594326972961426,-11.02554416656494,-3.030318021774292,-21.37313270568848,-4.701040744781494,-2.857688665390014,-8.401556015014648,-1.531546115875244,-10.455548286437988,2.210294246673584,-6.5861005783081055,-1.8906210660934448,-4.4259419441223145,-2.218090534210205,-5.085696220397949,0
132,0.1496245115995407,0.0229651890695095,590.4072987447163,566.945158712293,1161.2325917119565,0.0329483695652173,-513.1372680664062,39.91737747192383,-15.20712661743164,7.413472175598144,-12.058411598205566,4.657642364501953,-9.96770477294922,-5.23159122467041,-7.54638671875,-4.420015811920166,0.7080098986625671,-7.164244174957275,-2.3069372177124023,-2.9271481037139893,4.0456719398498535,-6.601813316345215,-4.833740711212158,0.1844311505556106,-3.5937628746032715,-0.7443704605102539,0
133,0.2431615889072418,0.0288140326738357,1078.864539123954,1084.983769576404,2341.657820991848,0.0526140738224637,-477.1440734863281,53.40113830566406,-3.364698886871338,5.37176513671875,-5.299863338470459,6.151934146881104,-10.007500648498535,0.0442443117499351,-2.856989622116089,-7.043619632720947,-3.575437068939209,-8.780823707580566,-4.984362602233887,-8.834197998046875,-5.769690990447998,-3.694453001022339,-5.036717414855957,-6.010654449462891,-2.239128351211548,-2.5494534969329834,0
134,0.1620611995458603,0.0337309837341308,632.8352498427671,637.8756185256601,1285.9067170516305,0.0351845561594202,-473.5033264160156,51.20999526977539,-10.799701690673828,13.317752838134766,-5.500399589538574,3.9150681495666495,-7.350544929504394,-6.361828804016113,-13.536599159240724,-7.020603179931641,4.62441349029541,-4.04071044921875,-8.142416954040527,-7.356301307678223,-1.7905189990997314,0.6375451683998108,-0.4294021725654602,-6.30635929107666,-2.3613028526306152,-5.781145095825195,0
135,0.1188218668103218,0.0312339905649423,557.3199883032416,493.0690188731349,1126.5922214673913,0.0358639039855072,-490.8564758300781,38.57315444946289,-16.498035430908203,12.98605251312256,-8.86373233795166,3.732946395874024,-8.899445533752441,-3.575244903564453,-7.570047855377197,2.0772807598114014,3.898482084274292,-6.693122386932373,-1.8012611865997314,-4.8910980224609375,-0.2828935384750366,-2.2853012084960938,-4.158816337585449,-4.767295837402344,1.7391350269317627,-2.7729616165161133,0
136,0.1162568256258964,0.0335703901946544,661.147750807804,524.1108516250579,1263.9054008152175,0.0403150475543478,-473.3267822265625,40.05876922607422,-22.99496459960937,13.37657070159912,-7.974399566650391,2.7198994159698486,-7.994621753692627,-3.8648180961608887,-9.462618827819824,0.1302987933158874,2.298059701919556,-5.75841760635376,-0.7860832214355469,-4.70936918258667,0.6504745483398438,-2.6699795722961426,-3.96755313873291,-6.323178291320801,1.2842007875442505,-1.9588569402694704,0
